date,open,high,low,close,adj_close,volume,pct_chg,volume_chg,ma5,ma20,volatility_20d,rsi_14,macd,macd_signal,macd_hist,bb_upper,bb_lower,bb_pct
2025-01-02,52700,53600,52300,53400,52164.56,16630538,0.003759,0.317301,53660.0,54025.0,0.015343,44.0794,-635.8709,-658.505,22.6341,55878.45,52171.55,0.3314
2025-01-03,52800,55100,52800,54400,53141.43,19318046,0.018727,0.161601,53660.0,54065.0,0.015905,49.3277,-544.6416,-635.7323,91.0907,55914.35,52215.65,0.5906
2025-01-06,54400,56200,54300,55900,54606.72,19034284,0.027574,-0.014689,54120.0,54205.0,0.016761,55.9986,-347.3077,-578.0474,230.7397,56167.25,52242.75,0.9319
2025-01-07,56800,57300,55400,55400,54118.29,17030235,-0.008945,-0.105286,54460.0,54290.0,0.01682,53.4716,-228.6273,-508.1634,279.5361,56306.67,52273.33,0.7752
2025-01-08,54800,57500,54700,57300,55974.34,26593553,0.034296,0.561549,55280.0,54450.0,0.018268,60.7246,18.5207,-402.8266,421.3473,56870.53,52029.47,1.0887
2025-01-09,57600,57700,56100,56100,54802.09,24490592,-0.020942,-0.079078,55820.0,54585.0,0.018726,54.9034,116.2219,-299.0169,415.2388,57059.52,52110.48,0.8061
2025-01-10,56100,56500,55200,55300,54020.6,16059223,-0.01426,-0.34427,56000.0,54650.0,0.01897,51.3681,127.629,-213.6877,341.3167,57128.11,52171.89,0.6311
2025-01-13,54600,55000,54100,54100,52848.37,16868600,-0.0217,0.0504,55640.0,54655.0,0.019664,46.5283,39.3888,-163.0724,202.4612,57127.99,52182.01,0.3878
2025-01-14,54200,54600,53700,53900,52652.99,17465926,-0.003697,0.035411,55340.0,54555.0,0.017916,45.7546,-46.1479,-139.6875,93.5396,56977.24,52132.76,0.3648
2025-01-15,54100,54700,53500,53700,52457.62,18625025,-0.003711,0.066363,54620.0,54435.0,0.017875,44.9496,-128.5917,-137.4683,8.8766,56771.24,52098.76,0.3427
2025-01-16,54200,55000,54100,54300,53043.74,18627298,0.011173,0.000122,54260.0,54370.0,0.018037,47.9104,-143.8573,-138.7461,-5.1112,56641.19,52098.81,0.4846
2025-01-17,53800,54100,53200,53700,52457.62,18805344,-0.01105,0.009558,53940.0,54345.0,0.017287,45.2873,-202.0399,-151.4049,-50.635,56635.0,52055.0,0.3592
2025-01-20,53600,53900,53300,53400,52164.56,11822531,-0.005587,-0.371321,53800.0,54270.0,0.017031,43.9904,-269.2531,-174.9745,-94.2786,56581.62,51958.38,0.3118
2025-01-21,53700,54300,53300,53500,52262.24,13535702,0.001873,0.144907,53720.0,54290.0,0.015284,44.5604,-310.8676,-202.1531,-108.7145,56565.64,52014.36,0.3264
2025-01-22,53400,54400,53100,54300,53043.74,18341991,0.014953,0.355082,53840.0,54355.0,0.015608,49.0287,-276.1127,-216.9451,-59.1676,56548.27,52161.73,0.4875
2025-01-23,53700,54100,53500,53700,52457.62,15588067,-0.01105,-0.150143,53720.0,54365.0,0.015716,46.0321,-293.5987,-232.2758,-61.3229,56543.63,52186.37,0.3474
2025-01-24,53600,53800,53200,53700,52457.62,11867631,0.0,-0.238672,53720.0,54330.0,0.015229,46.0321,-303.9526,-246.6111,-57.3415,56528.66,52131.34,0.3567
2025-01-31,52200,53000,51700,52400,51187.7,42186279,-0.024209,2.554735,53520.0,54270.0,0.015846,39.9036,-412.3027,-279.7495,-132.5532,56613.28,51926.72,0.101
2025-02-03,51100,51400,50800,51000,49820.08,32344897,-0.026718,-0.233284,53020.0,54135.0,0.016848,34.5663,-604.1728,-344.6341,-259.5387,56891.26,51378.74,-0.0687
2025-02-04,51600,53600,51500,52700,51480.76,27214851,0.033333,-0.158604,52700.0,54110.0,0.018509,44.3074,-612.0027,-398.1078,-213.8949,56910.68,51309.32,0.2483
2025-02-05,53600,53800,52800,52900,51676.12,15974885,0.003795,-0.413009,52540.0,54085.0,0.01851,45.3384,-595.2086,-437.528,-157.6806,56921.06,51248.94,0.2911
2025-02-06,53400,54000,53200,54000,52750.68,16466025,0.020794,0.030745,52600.0,54065.0,0.018625,50.7397,-487.5197,-447.5263,-39.9934,56897.35,51232.65,0.4885
2025-02-07,53900,54200,53600,53700,52457.62,14476866,-0.005556,-0.120804,52860.0,53955.0,0.017478,49.3087,-421.5237,-442.3258,20.8021,56655.08,51254.92,0.4528
2025-02-10,53000,55900,52900,55600,54313.66,27577591,0.035382,0.904942,53780.0,53965.0,0.019211,57.4867,-213.4484,-396.5503,183.1019,56688.99,51241.01,0.8001
2025-02-11,55500,56300,55000,55700,54411.35,24596196,0.001799,-0.108109,54380.0,53885.0,0.01753,57.8719,-40.0169,-325.2436,285.2267,56269.4,51500.6,0.8806
2025-02-12,55100,55900,54500,55800,54509.04,26428596,0.001795,0.074499,54960.0,53870.0,0.01691,58.2791,104.2956,-239.3358,343.6314,56198.86,51541.14,0.9144
2025-02-13,56100,56400,55600,55800,54509.04,22448377,0.0,-0.150603,55320.0,53895.0,0.016581,58.2791,216.1724,-148.2342,364.4066,56298.05,51491.95,0.8964
2025-02-14,56000,57300,56000,56000,54704.41,23979779,0.003584,0.068219,55780.0,53990.0,0.015728,59.1938,317.3159,-55.1241,372.44,56570.82,51409.18,0.8894
2025-02-17,56100,56500,55700,56000,54704.41,11916027,0.0,-0.50308,55860.0,54095.0,0.015682,59.1938,392.9433,34.4893,358.454,56826.86,51363.14,0.8487
2025-02-18,56200,57200,55900,56900,55583.59,22131007,0.016071,0.857247,56100.0,54255.0,0.015925,63.3835,519.5118,131.4938,388.018,57251.47,51258.53,0.9414
2025-02-19,57400,58900,57300,58700,57341.94,25395151,0.031634,0.147492,56680.0,54475.0,0.017059,70.0147,756.3436,256.4638,499.8798,58071.42,50878.58,1.0874
2025-02-20,59100,59100,58100,58400,57048.88,21589059,-0.005111,-0.149875,57200.0,54710.0,0.016833,67.8105,909.3448,387.04,522.3048,58687.25,50732.75,0.9639
2025-02-21,58400,58500,57100,58200,56853.5,22198428,-0.003425,0.028226,57640.0,54950.0,0.016773,66.3117,1002.9003,510.2121,492.6882,59166.51,50733.49,0.8854
2025-02-24,57300,57700,57200,57300,55974.34,14138471,-0.015464,-0.363087,57900.0,55140.0,0.01735,59.8962,992.9752,606.7647,386.2105,59423.33,50856.67,0.7521
2025-02-25,56600,57800,56500,57200,55876.64,14625181,-0.001745,0.034425,57960.0,55285.0,0.017172,59.2107,965.906,678.5929,287.3131,59644.27,50925.73,0.7196
2025-02-26,57000,57100,56100,56600,55290.52,18117091,-0.01049,0.23876,57540.0,55430.0,0.017148,55.1337,885.8274,720.0398,165.7876,59760.11,51099.89,0.6351
2025-02-27,56500,57100,56200,56300,54997.46,14975356,-0.0053,-0.173413,57120.0,55560.0,0.017232,53.1626,789.0613,733.8441,55.2172,59827.08,51292.92,0.5867
2025-02-28,55400,55700,54500,54500,53239.11,28036698,-0.031972,0.872189,56380.0,55665.0,0.017965,43.1864,560.6661,699.2085,-138.5424,59701.82,51628.18,0.3557
2025-03-04,53900,55000,53800,54500,53239.11,18553933,0.0,-0.338227,55820.0,55840.0,0.016631,43.1864,375.3346,634.4337,-259.0991,59285.45,52394.55,0.3055
2025-03-05,55100,55400,54000,54000,52750.68,16578817,-0.009174,-0.106453,55180.0,55905.0,0.015314,40.7244,185.9687,544.7407,-358.772,59143.89,52666.11,0.2059
2025-03-06,54100,54500,54000,54300,53043.74,12258101,0.005556,-0.260617,54720.0,55975.0,0.015334,42.8303,59.4173,447.676,-388.2587,58993.45,52956.55,0.2225
2025-03-07,53500,54200,53400,53700,52457.62,14274992,-0.01105,0.164535,54200.0,55960.0,0.014868,39.7859,-88.2729,340.4863,-428.7592,59022.44,52897.56,0.131
2025-03-10,53500,54800,53500,53700,52457.62,12921670,0.0,-0.094804,54040.0,55960.0,0.014816,39.7859,-202.9786,231.7933,-434.7719,59022.44,52897.56,0.131
2025-03-11,52500,54100,52500,53600,52359.93,17740891,-0.001862,0.372957,53860.0,55860.0,0.01235,39.2466,-298.5117,125.7323,-424.244,59097.54,52622.46,0.151
2025-03-12,53800,55300,53600,54900,53629.85,17973221,0.024254,0.013096,54040.0,55820.0,0.013622,48.9359,-266.2544,47.335,-313.5894,59085.51,52554.49,0.3591
2025-03-13,55800,55900,54200,54700,53434.48,24132151,-0.003643,0.342673,54120.0,55765.0,0.013624,47.6761,-253.9016,-12.9124,-240.9892,59068.76,52461.24,0.3388
2025-03-14,54500,55100,54400,54700,53434.48,10845154,0.0,-0.550593,54320.0,55710.0,0.013624,47.6761,-241.3301,-58.5959,-182.7342,59047.76,52372.24,0.3487
2025-03-17,55500,57800,55400,57600,56267.39,35559021,0.053016,2.278794,55100.0,55790.0,0.01801,63.4843,2.6082,-46.3551,48.9633,59232.09,52347.91,0.7629
2025-03-18,58800,59000,57300,57600,56267.39,28138594,0.0,-0.208679,55900.0,55870.0,0.01801,63.4843,193.6983,1.6556,192.0427,59405.74,52334.26,0.7446
2025-03-19,57400,59200,57400,58500,57146.57,29421759,0.015625,0.045602,56620.0,55950.0,0.017991,67.0656,413.0,83.9245,329.0755,59652.35,52247.65,0.8444
2025-03-20,59200,60300,58500,60200,58807.23,34989004,0.02906,0.189222,57720.0,56025.0,0.017781,72.5434,715.7235,210.2843,505.4392,60011.75,52038.25,1.0236
2025-03-21,60900,61700,60400,61700,60272.54,40155612,0.024917,0.147664,59120.0,56190.0,0.01845,76.2905,1064.4015,381.1077,683.2938,60813.01,51566.99,1.0959
2025-03-24,61200,61600,60500,60500,59100.3,14088094,-0.019449,-0.649163,59700.0,56305.0,0.019081,68.2641,1229.726,550.8314,678.8946,61242.28,51367.72,0.9248
2025-03-25,60900,61100,59500,59800,58416.49,17259455,-0.01157,0.225109,60140.0,56430.0,0.01891,64.0321,1289.3993,698.545,590.8543,61594.7,51265.3,0.8263
2025-03-26,59800,61400,59700,61400,59979.47,16431645,0.026756,-0.047963,60720.0,56640.0,0.019639,68.7942,1449.0931,848.6546,600.4385,62258.17,51021.83,0.9236
2025-03-27,60900,62000,60800,61800,60370.22,20389790,0.006515,0.240885,61040.0,56900.0,0.019363,69.8683,1589.6043,996.8445,592.7598,62973.24,50826.76,0.9034
2025-03-28,60700,61100,60000,60200,59156.62,16282514,-0.02589,-0.201438,60740.0,57095.0,0.02045,60.8467,1553.941,1108.2638,445.6772,63335.27,50854.73,0.7488
2025-03-31,59500,59700,57800,57800,56798.22,17633494,-0.039867,0.082971,60200.0,57260.0,0.021271,50.3456,1316.8381,1149.9787,166.8594,63384.81,51135.19,0.5441
2025-04-01,58700,59600,57900,58800,57780.89,13841706,0.017301,-0.215033,60000.0,57475.0,0.021491,53.9145,1195.8391,1159.1508,36.6883,63492.82,51457.18,0.6101
2025-04-02,58800,59400,58300,58800,57780.89,14402297,0.0,0.0405,59480.0,57715.0,0.021295,53.9145,1087.4114,1144.8029,-57.3915,63528.7,51901.3,0.5933
2025-04-03,56900,57800,56900,57600,56601.69,19508076,-0.020408,0.354511,58640.0,57880.0,0.022004,49.0118,894.3424,1094.7108,-200.3684,63468.56,52291.44,0.4749
2025-04-04,56200,58200,55700,56100,55127.68,23527139,-0.026042,0.20602,57820.0,58000.0,0.022769,43.6666,613.2276,998.4142,-385.1866,63306.6,52693.4,0.321
2025-04-07,53300,54100,53100,53200,52277.95,31998883,-0.051693,0.360084,56900.0,57975.0,0.025913,35.586,154.6536,829.662,-675.0084,63370.86,52579.14,0.0575
2025-04-08,55000,55300,53300,53500,52572.75,25532845,0.005639,-0.202071,55840.0,57970.0,0.025946,36.8872,-182.4588,627.2379,-809.6967,63383.08,52556.92,0.0871
2025-04-09,53300,54300,52900,53000,52081.42,20576960,-0.009346,-0.194098,54680.0,57875.0,0.025384,35.5966,-484.3849,404.9133,-889.2982,63574.08,52175.92,0.0723
2025-04-10,56600,56700,55000,56400,55422.48,22948172,0.064151,0.115236,54440.0,57960.0,0.029119,48.732,-444.1917,235.0923,-679.284,63508.41,52411.59,0.3594
2025-04-11,55600,55700,54800,55200,54243.29,13930480,-0.021277,-0.392959,54260.0,57985.0,0.029572,45.226,-503.3657,87.4007,-590.7664,63475.77,52494.23,0.2464
2025-04-14,56300,56700,55800,56200,55225.95,12852613,0.018116,-0.077375,54860.0,57915.0,0.02738,48.548,-464.2187,-22.9232,-441.2955,63461.84,52368.16,0.3454
2025-04-15,56300,57100,56200,56600,55619.02,8998640,0.007117,-0.299859,55480.0,57865.0,0.027443,49.858,-396.349,-97.6083,-298.7407,63441.75,52288.25,0.3866
2025-04-16,56000,56200,54500,54700,53751.95,14437025,-0.033569,0.604356,55820.0,57675.0,0.02812,44.1127,-490.2247,-176.1316,-314.0931,63417.13,51932.87,0.2409
2025-04-17,54700,55300,54500,55100,54145.02,10867069,0.007313,-0.247278,55560.0,57420.0,0.027232,45.5356,-526.2787,-246.161,-280.1177,63142.94,51697.06,0.2973
2025-04-18,55300,55600,54900,55300,54341.55,5848342,0.00363,-0.461829,55580.0,57100.0,0.026448,46.2722,-532.5742,-303.4437,-229.1305,62523.15,51676.85,0.334
2025-04-21,55200,56000,55100,55400,54439.82,5941847,0.001808,0.015988,55420.0,56845.0,0.026277,46.6607,-523.4602,-347.447,-176.0132,62071.04,51618.96,0.3618
2025-04-22,54900,55500,54700,55000,54046.75,9532469,-0.00722,0.604294,55100.0,56605.0,0.026232,45.2514,-542.263,-386.4102,-155.8528,61698.85,51511.15,0.3425
2025-04-23,56000,56100,55500,55700,54734.62,11148692,0.012727,0.169549,55300.0,56320.0,0.025559,48.1998,-494.9745,-408.123,-86.8515,60895.73,51744.27,0.4323
2025-04-24,55600,55800,55200,55700,54734.62,10580377,0.0,-0.050976,55420.0,56015.0,0.025448,48.1998,-452.2844,-416.9553,-35.3291,59797.1,52232.9,0.4584
2025-04-25,56400,56400,55600,55700,54734.62,12183303,0.0,0.1515,55500.0,55790.0,0.024979,48.1998,-413.6834,-416.3009,2.6175,59018.75,52561.25,0.4861
2025-04-28,55800,55900,55500,55800,54832.89,9341518,0.001795,-0.233252,55580.0,55690.0,0.023444,48.6929,-370.749,-407.1905,36.4415,58777.43,52602.57,0.5178
2025-04-29,55700,56500,55600,55800,54832.89,10295518,0.0,0.102125,55740.0,55540.0,0.023026,48.6929,-332.8859,-392.3296,59.4437,58260.99,52819.01,0.5478
2025-04-30,55900,56000,55300,55500,54538.09,13014189,-0.005376,0.264064,55700.0,55375.0,0.023025,47.1321,-323.359,-378.5355,55.1765,57622.69,53127.31,0.5278
2025-05-02,55000,55500,54200,54300,53358.88,22454204,-0.021622,0.725363,55420.0,55210.0,0.023077,41.414,-407.9365,-384.4157,-23.5208,57244.34,53175.66,0.2763
2025-05-07,54500,55000,54300,54600,53653.68,17136991,0.005525,-0.236803,55200.0,55135.0,0.022466,43.2671,-445.6204,-396.6566,-48.9638,57141.59,53128.41,0.3667
2025-05-08,55100,55500,54500,54600,53653.68,16320532,0.0,-0.047643,54960.0,55205.0,0.018884,43.2671,-470.0665,-411.3386,-58.7279,57015.47,53394.53,0.3329
2025-05-09,54700,55000,54400,54800,53850.22,7814322,0.003663,-0.521197,54760.0,55270.0,0.018865,44.6214,-467.9082,-422.6525,-45.2557,56907.84,53632.16,0.3565
2025-05-12,55200,57600,55000,57600,56601.69,15414702,0.051095,0.972622,55180.0,55500.0,0.02157,59.278,-237.5231,-385.6266,148.1035,57086.79,53913.21,1.1617
2025-05-13,57700,58200,56800,56900,55913.82,16842801,-0.012153,0.092645,55700.0,55525.0,0.016961,55.3351,-110.1556,-330.5324,220.3768,57185.53,53864.47,0.914
2025-05-14,57500,57900,57000,57400,56405.15,12468089,0.008787,-0.259738,56260.0,55635.0,0.016234,57.5091,30.7751,-258.2709,289.046,57485.49,53784.51,0.9769
2025-05-15,57400,58600,57100,57300,56306.89,13139736,-0.001742,0.053869,56800.0,55690.0,0.015804,56.9125,132.863,-180.0441,312.9071,57671.92,53708.08,0.9062
2025-05-16,57400,57500,56700,56800,55815.55,10385352,-0.008726,-0.209622,57200.0,55700.0,0.015878,53.9012,171.4463,-109.7461,281.1924,57703.16,53696.84,0.7746
2025-05-19,56400,56400,55500,55800,54832.89,9802105,-0.017606,-0.056161,56840.0,55755.0,0.014365,48.387,119.9494,-63.807,183.7564,57702.17,53807.83,0.5116
2025-05-20,56200,56700,55700,55900,54931.16,9080577,0.001792,-0.073609,56640.0,55795.0,0.01429,48.9495,86.2132,-33.8029,120.0161,57718.24,53871.76,0.5273
2025-05-21,56200,56600,55700,55700,54734.62,7794181,-0.003578,-0.141665,56300.0,55815.0,0.014304,47.8269,42.8447,-18.4734,61.3181,57724.84,53905.16,0.4699
2025-05-22,55300,55500,54500,54700,53751.95,15254278,-0.017953,0.957137,55780.0,55780.0,0.01488,42.5703,-71.3937,-29.0575,-42.3362,57746.67,53813.33,0.2254
2025-05-23,55000,55200,54100,54200,53260.62,11247115,-0.009141,-0.262691,55260.0,55740.0,0.014932,40.1916,-199.9692,-63.2398,-136.7294,57803.62,53676.38,0.1269
2025-05-26,53900,55000,53700,54700,53751.95,10901337,0.009225,-0.030744,55040.0,55690.0,0.014788,43.5863,-258.5401,-102.2999,-156.2402,57805.51,53574.49,0.266
2025-05-27,54200,54500,53800,53900,52965.82,13439520,-0.014625,0.232832,54640.0,55600.0,0.015104,39.7033,-365.3004,-154.9,-210.4004,57861.81,53338.19,0.1242
2025-05-28,54300,56100,54200,55900,54931.16,17516283,0.037106,0.303341,54680.0,55610.0,0.017344,51.3677,-285.2373,-180.9674,-104.2699,57875.44,53344.56,0.564
2025-05-29,56200,56400,55600,56100,55127.68,12936810,0.003578,-0.261441,54960.0,55625.0,0.017357,52.3602,-203.3048,-185.4349,-17.8699,57899.69,53350.31,0.6044
2025-05-30,56200,57200,55800,56200,55225.95,26219683,0.001783,1.02675,55360.0,55645.0,0.01736,52.878,-128.8187,-174.1117,45.293,57933.16,53356.84,0.6213
2025-06-02,56300,57300,56200,56800,55815.55,12870515,0.010676,-0.509128,55780.0,55710.0,0.01745,55.9703,-21.1293,-143.5152,122.3859,58054.0,53366.0,0.7325
2025-06-04,57200,57900,56800,57800,56798.22,19649983,0.017606,0.526744,56560.0,55885.0,0.016927,60.6099,143.2556,-86.161,229.4166,58307.07,53462.93,0.8953
2025-06-05,58100,59900,57900,59100,58075.69,23266027,0.022491,0.184023,57200.0,56110.0,0.017456,65.6739,374.1183,5.8948,368.2235,58845.27,53374.73,1.0466
2025-06-09,60400,60400,59500,59800,58763.56,19609659,0.011844,-0.157155,57940.0,56370.0,0.017514,68.0553,606.5707,126.03,480.5407,59465.74,53274.26,1.054
2025-06-10,60000,60100,58800,59200,58173.95,15305760,-0.010033,-0.219479,58540.0,56590.0,0.017818,63.9594,733.9158,247.6072,486.3086,59837.61,53342.39,0.9018
2025-06-11,59500,60100,59400,59900,58861.82,13610734,0.011824,-0.110744,59160.0,56705.0,0.014343,66.4931,881.1643,374.3186,506.8457,60252.26,53157.74,0.9503
2025-06-12,59700,60000,59300,59500,58468.76,17755115,-0.006678,0.304494,59500.0,56835.0,0.014107,63.7357,954.5793,490.3707,464.2086,60596.45,53073.55,0.8543
2025-06-13,60200,60200,57700,58300,57289.55,20705979,-0.020168,0.166198,59340.0,56880.0,0.014881,56.2055,905.4934,573.3953,332.0981,60691.12,53068.88,0.6863
2025-06-16,58000,58100,56900,57200,56208.62,22200872,-0.018868,0.072196,58820.0,56875.0,0.015524,50.3348,768.9674,612.5097,156.4577,60684.06,53065.94,0.5427
2025-06-17,57800,59800,57400,58100,57093.02,28637003,0.015734,0.289904,58600.0,56940.0,0.015762,54.5204,725.0343,635.0146,90.0197,60787.84,53092.16,0.6507
2025-06-18,58000,59800,57900,59800,58763.56,17620705,0.02926,-0.384688,58580.0,57140.0,0.016259,61.1762,817.9638,671.6045,146.3593,61150.72,53129.28,0.8316
2025-06-19,60500,60600,59000,59200,58173.95,16876278,-0.010033,-0.042247,58520.0,57305.0,0.016537,57.9526,833.5871,704.001,129.5861,61372.06,53237.94,0.733
2025-06-20,59400,59800,59100,59500,58468.76,18072251,0.005068,0.070867,58760.0,57495.0,0.016473,59.1127,860.2596,735.2527,125.0069,61601.21,53388.79,0.7441
2025-06-23,58400,58500,57600,58000,56994.76,16551694,-0.02521,-0.084138,58920.0,57660.0,0.017053,51.4666,751.6952,738.5412,13.154,61552.99,53767.01,0.5437
2025-06-24,59400,60600,59300,60500,59451.43,23737899,0.043103,0.434167,59400.0,57975.0,0.018903,60.6112,857.5015,762.3333,95.1682,61705.32,54244.68,0.8384
2025-06-25,61500,61600,60300,61300,60237.56,23933612,0.013223,0.008245,59700.0,58305.0,0.018964,63.0129,994.4438,808.7554,185.6884,61982.8,54627.2,0.9072
2025-06-26,61300,61300,59900,60200,59156.62,19402300,-0.017945,-0.189328,59900.0,58620.0,0.019169,57.7948,1002.6527,847.5348,155.1179,61747.2,55492.8,0.7526
2025-06-27,60100,61600,60000,60800,60112.7,17340470,0.009967,-0.106267,60160.0,58865.0,0.017786,59.7526,1045.5212,887.1321,158.3891,61859.93,55870.07,0.823
2025-06-30,61200,61200,59800,59800,59124.0,17110294,-0.016447,-0.013274,60520.0,59050.0,0.018385,55.16,987.4208,907.1898,80.231,61770.29,56329.71,0.6379
2025-07-01,60400,61100,60200,60200,59519.48,13650991,0.006689,-0.202177,60460.0,59250.0,0.018397,56.597,962.5567,918.2632,44.2935,61658.32,56841.68,0.6972
2025-07-02,60200,60900,59800,60800,60112.7,15047951,0.009967,0.102334,60360.0,59450.0,0.018384,58.7334,979.9703,930.6046,49.3657,61657.64,57242.36,0.8058
2025-07-03,61300,63800,61100,63800,63078.78,32040639,0.049342,1.129236,61080.0,59750.0,0.020749,67.3792,1221.7618,988.8361,232.9257,62561.63,56938.37,1.2202
2025-07-04,64700,64700,63000,63300,62584.43,23748959,-0.007837,-0.258786,61580.0,59960.0,0.020519,64.9372,1357.3904,1062.5469,294.8435,63166.83,56753.17,1.0208
2025-07-07,62900,63300,61700,61700,61002.52,17164708,-0.025276,-0.277244,61960.0,60055.0,0.021402,57.7274,1320.548,1114.1471,206.4009,63353.15,56756.85,0.7494
2025-07-08,61600,62400,61000,61400,60705.91,20213724,-0.004862,0.177633,62200.0,60165.0,0.021284,56.4616,1252.7022,1141.8582,110.844,63489.72,56840.28,0.6857
2025-07-09,61400,61400,60200,60400,59717.22,17533415,-0.016287,-0.132598,62120.0,60190.0,0.021524,52.3416,1105.4988,1134.5863,-29.0875,63513.85,56866.15,0.5316
2025-07-10,60600,61200,60400,61000,60310.43,14768473,0.009934,-0.157696,61560.0,60265.0,0.021554,54.4875,1025.4335,1112.7557,-87.3222,63590.99,56939.01,0.6105
2025-07-11,61300,62800,61200,62600,61892.35,19140650,0.02623,0.296048,61420.0,60480.0,0.021595,59.6988,1078.6537,1105.9353,-27.2816,63827.02,57132.98,0.8167
2025-07-14,62300,62600,61800,62500,61793.48,13563846,-0.001597,-0.291359,61580.0,60745.0,0.020977,59.2422,1100.0809,1104.7644,-4.6835,63827.36,57662.64,0.7847
2025-07-15,62300,63800,62000,63700,62979.91,18442202,0.0192,0.359659,62040.0,61025.0,0.021086,62.9082,1200.0585,1123.8233,76.2352,64113.09,57936.91,0.9331
2025-07-16,63700,64700,63100,64700,63968.61,23042660,0.015699,0.249453,62900.0,61270.0,0.020484,65.6786,1344.4848,1167.9556,176.5292,64706.71,57833.29,0.999
2025-07-17,65900,66800,64400,66700,65946.0,39448683,0.030912,0.711985,64040.0,61645.0,0.021021,70.4348,1601.8617,1254.7368,347.1249,65709.99,57580.01,1.1218
2025-07-18,67000,67800,66300,67100,66341.48,23951531,0.005997,-0.392843,64940.0,62025.0,0.02102,71.2917,1817.1642,1367.2223,449.9419,66630.66,57419.34,1.051
2025-07-21,67400,68800,67200,67800,67033.56,17723148,0.010432,-0.260041,66000.0,62515.0,0.019674,72.7786,2020.9806,1497.9739,523.0067,67394.72,57635.28,1.0415
2025-07-22,68100,68500,65600,66000,65253.91,20829006,-0.026549,0.175243,66460.0,62790.0,0.019382,63.6496,2014.0449,1601.1881,412.8568,67809.5,57770.5,0.8198
2025-07-23,66200,66500,64900,66400,65649.39,15687058,0.006061,-0.246865,66800.0,63045.0,0.019278,64.709,2017.5677,1684.464,333.1037,68260.15,57829.85,0.8217
2025-07-24,66500,66800,65900,66000,65253.91,12660193,-0.006024,-0.192953,66660.0,63335.0,0.018731,62.7399,1965.4267,1740.6566,224.7701,68529.04,58140.96,0.7565
2025-07-25,65700,66300,65500,65900,65155.05,8080910,-0.001515,-0.361707,66420.0,63590.0,0.018734,62.23,1894.2003,1771.3653,122.835,68760.73,58419.27,0.7234
2025-07-28,68200,70400,67200,70400,69604.17,35332500,0.068285,3.372342,66940.0,64120.0,0.022652,72.9016,2175.7841,1852.2491,323.535,69802.7,58437.3,1.0526
2025-07-29,70800,70800,68800,70600,69801.91,28190940,0.002841,-0.202124,67860.0,64640.0,0.022682,73.2632,2387.5574,1959.3107,428.2467,70702.97,58577.03,0.9915
2025-07-30,71000,73700,70600,72600,71779.3,34761444,0.028329,0.233071,69100.0,65230.0,0.023117,76.6224,2685.8121,2104.611,581.2011,71977.51,58482.49,1.0461
2025-07-31,73000,74000,71000,71400,70592.87,26568072,-0.016529,-0.235703,70180.0,65610.0,0.021826,70.8691,2793.1535,2242.3195,550.834,72856.02,58363.98,0.8995
2025-08-01,70200,72000,68800,68900,68121.13,24038534,-0.035014,-0.09521,70780.0,65890.0,0.023546,60.6515,2645.9918,2323.054,322.9378,73192.75,58587.25,0.7061
2025-08-04,69500,70200,68700,69700,68912.09,14780072,0.011611,-0.385151,70640.0,66290.0,0.022511,62.514,2564.3581,2371.3148,193.0433,73502.24,59077.76,0.7364
2025-08-05,71000,71500,69700,69900,69109.82,14392903,0.002869,-0.026195,70500.0,66715.0,0.022378,62.9857,2487.131,2394.478,92.653,73712.53,59717.47,0.7276
2025-08-06,69200,69400,68300,68800,68022.27,12542415,-0.015737,-0.128569,69740.0,67135.0,0.022348,58.6169,2310.5328,2377.689,-67.1562,73517.96,60752.04,0.6304
2025-08-07,70800,71000,69700,70500,69703.05,15008213,0.024709,0.196597,69560.0,67610.0,0.022697,62.8998,2281.4541,2358.442,-76.9879,73462.54,61757.46,0.7469
2025-08-08,71000,72400,70700,71800,70988.34,22241128,0.01844,0.48193,70140.0,68070.0,0.02243,65.8135,2336.3759,2354.0288,-17.6529,73706.76,62433.24,0.8309
2025-08-11,72000,72100,70800,71000,70197.38,11354253,-0.011142,-0.489493,70400.0,68495.0,0.022721,62.5575,2288.9627,2341.0156,-52.0529,73622.21,63367.79,0.7443
2025-08-12,71100,72400,71100,71100,70296.27,15797656,0.001408,0.391343,70640.0,68865.0,0.022546,62.8052,2233.7078,2319.554,-85.8462,73587.3,64142.7,0.7366
2025-08-13,71900,72100,71400,71900,71087.22,12305742,0.011252,-0.22104,71260.0,69225.0,0.022464,64.8109,2228.7792,2301.3991,-72.6199,73701.78,64748.22,0.7988
2025-08-14,71900,71900,71200,71600,70790.61,11946122,-0.004172,-0.029224,71480.0,69470.0,0.021745,63.4296,2175.587,2276.2366,-100.6496,73901.04,65038.96,0.7403
2025-08-18,71100,71200,70000,70000,69208.7,13595591,-0.022346,0.138076,71120.0,69615.0,0.022503,56.5119,1981.4838,2217.2861,-235.8023,73907.11,65322.89,0.5448
2025-08-19,70400,70700,69700,70000,69208.7,10533082,0.0,-0.225258,70920.0,69725.0,0.022422,56.5119,1806.8276,2135.1944,-328.3668,73933.2,65516.8,0.5327
2025-08-20,70100,70700,69400,70500,69703.05,17445516,0.007143,0.656259,70800.0,69950.0,0.021413,58.1655,1689.2842,2046.0123,-356.7281,73784.2,66115.8,0.5717
2025-08-21,71500,71900,70600,70600,69801.91,18843833,0.001418,0.080153,70540.0,70160.0,0.021407,58.5053,1585.9178,1953.9934,-368.0756,73617.04,66702.96,0.5636
2025-08-22,71700,71800,70800,71400,70592.87,9277432,0.011331,-0.507667,70500.0,70430.0,0.021369,61.2193,1550.6773,1873.3302,-322.6529,73315.24,67544.76,0.6681
2025-08-25,71700,71800,71000,71500,70691.74,10345178,0.001401,0.115091,70800.0,70710.0,0.02134,61.5578,1513.3729,1801.3387,-287.9658,72688.73,68731.27,0.6996
2025-08-26,70800,71100,70300,70300,69505.3,14712519,-0.016783,0.422162,70860.0,70705.0,0.016072,55.3184,1371.1729,1715.3056,-344.1327,72687.53,68722.47,0.3979
2025-08-27,70100,70900,69800,70600,69801.91,10523405,0.004267,-0.284731,70880.0,70705.0,0.016089,56.5053,1268.0684,1625.8581,-357.7897,72687.53,68722.47,0.4735
2025-08-28,70100,70400,69600,69600,68813.23,11578024,-0.014164,0.100217,70680.0,70555.0,0.01496,51.5861,1093.0655,1519.2996,-426.2341,72381.67,68728.33,0.2386
2025-08-29,70100,70500,69700,69700,68912.09,11682267,0.001437,0.009004,70340.0,70470.0,0.014576,52.0358,951.4756,1405.7348,-454.2592,72289.31,68650.69,0.2884
2025-09-01,68400,68600,67500,67600,66835.82,12002343,-0.030129,0.027398,69560.0,70405.0,0.01398,43.0027,662.1789,1257.0236,-594.8447,72528.03,68281.97,-0.1606
2025-09-02,67800,69500,67800,69100,68318.87,10604028,0.022189,-0.116504,69320.0,70375.0,0.014647,49.7172,547.6339,1115.1457,-567.5118,72556.14,68193.86,0.2077
2025-09-03,69200,69800,68800,69800,69010.96,10283009,0.01013,-0.030273,69160.0,70370.0,0.01482,52.5277,507.4902,993.6146,-486.1244,72556.18,68183.82,0.3696
2025-09-04,69500,70100,69300,70100,69307.56,12284414,0.004298,0.194632,69260.0,70435.0,0.014368,53.7215,494.1869,893.729,-399.5421,72498.49,68371.51,0.4188
2025-09-05,70300,70400,69500,69500,68714.34,11526724,-0.008559,-0.061679,69220.0,70385.0,0.013392,50.9612,430.2691,801.0371,-370.768,72489.91,68280.09,0.2898
2025-09-08,69800,70500,69600,70100,69307.56,9263135,0.008633,-0.196377,69720.0,70300.0,0.012834,53.5325,423.1509,725.4598,-302.3089,72298.95,68301.05,0.45
2025-09-09,70100,71500,70000,71500,70691.74,14870245,0.019971,0.605315,70200.0,70325.0,0.013419,58.9422,524.4327,685.2544,-160.8217,72372.72,68277.28,0.7869
2025-09-10,71800,72800,71600,72600,71779.3,21928565,0.015385,0.474661,70760.0,70400.0,0.013828,62.624,685.5574,685.315,0.2424,72665.53,68134.47,0.9855
2025-09-11,73200,73600,72100,73400,72570.27,20793501,0.011019,-0.051762,71420.0,70475.0,0.013819,65.0768,867.7997,721.8119,145.9878,73030.39,67919.61,1.0723
2025-09-12,74600,75600,74200,75400,74547.65,28219678,0.027248,0.357139,72600.0,70665.0,0.014905,70.3206,1160.2368,809.4969,350.7399,74014.33,67315.67,1.2069
2025-09-15,77200,77600,75900,76500,75635.22,19908805,0.014589,-0.294506,73880.0,70990.0,0.013878,72.7447,1463.8814,940.3738,523.5076,75214.69,66765.31,1.1521
2025-09-16,76900,79500,76700,79400,78502.44,28218265,0.037908,0.417376,75460.0,71460.0,0.015635,77.8751,1916.4363,1135.5863,780.85,77081.54,65838.46,1.2062
2025-09-17,79100,79100,77100,78200,77316.0,20856317,-0.015113,-0.260893,76580.0,71845.0,0.016355,71.8483,2153.4358,1339.1562,814.2796,78196.95,65493.05,1.0002
2025-09-18,79100,80500,78600,80300,79392.27,25619035,0.026854,0.228359,77960.0,72330.0,0.017,75.4316,2482.1,1567.745,914.355,79683.94,64976.06,1.0419
2025-09-22,81500,84000,81100,83500,82556.09,27529656,0.039851,0.074578,79580.0,72935.0,0.018488,79.6767,2966.585,1847.513,1119.072,81802.04,64067.96,1.0957
2025-09-23,85800,85900,83600,84700,83742.52,23610263,0.014371,-0.14237,81220.0,73595.0,0.018477,81.0024,3408.0866,2159.6277,1248.4589,83866.16,63323.84,1.0406
2025-09-24,84200,85500,83700,85400,84434.61,18300997,0.008264,-0.224871,82420.0,74350.0,0.017486,81.7502,3770.9942,2481.901,1289.0932,85758.31,62941.69,0.9843
2025-09-25,84400,86200,84100,86100,85126.7,19665151,0.008197,0.07454,84000.0,75125.0,0.017444,82.4924,4068.1898,2799.1588,1269.031,87523.62,62726.38,0.9426
2025-09-26,85000,85300,82400,83300,82358.34,24071193,-0.03252,0.224053,84600.0,75810.0,0.01923,70.1953,4031.3123,3045.5895,985.7228,88435.1,63184.9,0.7966
2025-09-29,83300,85000,83200,84200,83619.59,13069094,0.010804,-0.457065,84740.0,76535.0,0.019151,71.6578,4028.2737,3242.1263,786.1474,89346.72,63723.28,0.7991
2025-09-30,84600,84900,83400,83900,83321.66,16319061,-0.003563,0.248676,84580.0,77350.0,0.01701,70.4174,3956.0551,3384.9121,571.143,89838.23,64861.77,0.7622
2025-10-01,84900,86200,84700,86000,85407.19,22039361,0.02503,0.350529,84700.0,78195.0,0.017117,73.832,4021.9117,3512.312,509.5997,90619.67,65770.33,0.8141
2025-10-02,89300,90300,88700,89750,89131.34,49883028,0.043605,1.263361,85430.0,79192.5,0.018525,78.5855,4326.8203,3675.2137,651.6066,91977.45,66407.55,0.9129
2025-10-10,94000,94500,92700,94400,93749.29,35269748,0.051811,-0.292951,87650.0,80407.5,0.020242,82.766,4887.3405,3917.639,969.7015,94137.85,66677.15,1.0095
2025-10-13,91300,93400,90700,93300,92656.87,23883308,-0.011653,-0.322839,89470.0,81597.5,0.020444,78.8448,5183.0491,4170.721,1012.3281,95472.14,67722.86,0.9217
2025-10-14,95300,96000,90200,91600,90968.59,35545235,-0.018221,0.488288,91010.0,82672.5,0.02172,73.0822,5220.0509,4380.587,839.4639,96121.41,69223.59,0.8319
2025-10-15,92300,95300,92100,95000,94345.15,21050111,0.037118,-0.407794,92810.0,83847.5,0.022291,76.7433,5460.7783,4596.6253,864.153,97292.73,70402.27,0.9147
2025-10-16,95300,97700,95000,97700,97026.53,28141060,0.028421,0.33686,94400.0,85102.5,0.022504,79.1665,5802.5359,4837.8074,964.7285,98810.45,71394.55,0.9595
2025-10-17,97200,99100,96700,97900,97225.16,22730809,0.002047,-0.192255,95100.0,86327.5,0.022673,79.3383,6020.1233,5074.2706,945.8527,100010.97,72644.03,0.9229
2025-10-20,97900,98300,96000,98100,97423.77,17589756,0.002043,-0.226171,96060.0,87462.5,0.022634,79.5201,6137.9468,5287.0058,850.941,101095.23,73829.77,0.8901
2025-10-21,98500,99900,97300,97500,96827.91,22803830,-0.006116,0.296427,97240.0,88512.5,0.023036,77.3219,6112.4473,5452.0941,660.3532,101821.14,75203.86,0.8377
2025-10-22,97100,98600,95500,98600,97920.33,15937611,0.011282,-0.301099,97960.0,89472.5,0.022267,78.4956,6110.5609,5583.7875,526.7734,102783.42,76161.58,0.8429
2025-10-23,96800,98500,96300,96500,95834.8,18488581,-0.021298,0.16006,97720.0,90387.5,0.022696,70.9467,5871.9255,5641.4151,230.5104,102929.47,77845.53,0.7437
2025-10-24,97900,99000,97700,98800,98118.95,18801925,0.023834,0.016948,97900.0,91312.5,0.022596,73.9065,5801.5197,5673.436,128.0837,103444.05,79180.95,0.8086
2025-10-27,101300,102000,100600,102000,101296.89,22169970,0.032389,0.179133,98680.0,92237.5,0.022167,77.362,5935.5149,5725.8518,209.6631,104678.13,79796.87,0.8924
2025-10-28,100900,101000,99100,99500,98814.12,20002282,-0.02451,-0.097776,99080.0,92977.5,0.023457,69.6066,5773.4255,5735.3665,38.059,105290.37,80664.63,0.7649
2025-10-29,100200,101000,99100,100500,99807.23,20899788,0.01005,0.04487,99460.0,93732.5,0.023461,70.8648,5660.4105,5720.3753,-59.9648,105940.36,81524.64,0.7772
2025-10-30,102400,105800,102000,104100,103382.42,34570017,0.035821,0.654085,100980.0,94632.5,0.024229,74.894,5794.5393,5735.2081,59.3312,107121.92,82143.08,0.879
2025-10-31,105000,108600,103300,107500,106758.98,54824564,0.032661,0.585899,102720.0,95842.5,0.022528,77.9899,6104.8165,5809.1298,295.6867,108398.03,83286.97,0.9642
2025-11-03,106900,111500,106500,111100,110334.16,30110066,0.033488,-0.450792,104540.0,97187.5,0.022967,80.7033,6565.52,5960.4078,605.1122,110244.94,84130.06,1.0327
2025-11-04,111800,112400,104900,104900,104176.91,30450281,-0.055806,0.011299,105620.0,98237.5,0.027772,65.685,6357.0624,6039.7387,317.3237,110120.57,86354.43,0.7803
2025-11-05,101000,102000,96700,100600,99906.54,44843020,-0.040991,0.472664,105640.0,98967.5,0.029966,57.6694,5778.2759,5987.4462,-209.1703,109389.15,88545.85,0.5783
2025-11-06,103700,103800,98800,99200,98516.2,28655689,-0.013917,-0.360978,104660.0,99440.0,0.029167,55.3031,5147.2804,5819.413,-672.1326,108916.04,89963.96,0.4873
2025-11-07,96400,100300,96300,97900,97225.16,22908083,-0.013105,-0.200575,102740.0,99615.0,0.027358,53.1234,4490.5486,5553.6401,-1063.0915,108824.67,90405.33,0.4069
2025-11-10,98600,101000,97900,100600,99906.54,23842327,0.027579,0.040782,100640.0,99980.0,0.027727,56.9211,4140.2254,5270.9572,-1130.7318,108701.56,91258.44,0.5355
2025-11-11,103700,106000,102000,103500,102786.55,27742542,0.028827,0.163584,100360.0,100575.0,0.027733,60.6121,4049.9126,5026.7483,-976.8357,108474.33,92675.67,0.6851
2025-11-12,103000,103900,101600,103100,102389.31,19413497,-0.003865,-0.300226,100860.0,100980.0,0.026864,59.8504,3901.0931,4801.6172,-900.5241,108497.17,93462.83,0.641
2025-11-13,102500,104200,102300,102800,102091.38,20838741,-0.00291,0.073415,101580.0,101235.0,0.026298,59.249,3716.108,4584.5154,-868.4074,108628.67,93841.33,0.6058
2025-11-14,99000,99600,97200,97200,96529.98,21806342,-0.054475,0.046433,101440.0,101200.0,0.02938,49.292,3082.1043,4284.0332,-1201.9289,108666.42,93733.58,0.2321
2025-11-17,99800,101000,99500,100600,99906.54,17192584,0.034979,-0.211579,101440.0,101325.0,0.030392,54.3122,2821.479,3991.5223,-1170.0433,108655.36,93994.64,0.4505
2025-11-18,99800,100900,97500,97800,97125.85,18684068,-0.027833,0.086752,100300.0,101340.0,0.031068,49.9284,2361.7701,3665.5719,-1303.8018,108638.57,94041.43,0.2575
2025-11-19,97100,97500,94600,96500,95834.8,18993346,-0.013292,0.016553,98980.0,101235.0,0.031094,47.9915,1870.9808,3306.6537,-1435.6729,108756.55,93713.45,0.1852
2025-11-20,100900,102900,99500,100600,99906.54,25360435,0.042487,0.335227,98540.0,101440.0,0.032097,54.0462,1792.203,3003.7635,-1211.5605,108634.56,94245.44,0.4416
2025-11-21,95600,96800,94500,94800,94146.52,23103574,-0.057654,-0.088991,98060.0,101240.0,0.034448,45.9047,1247.3806,2652.487,-1405.1064,108947.66,93532.34,0.0822
2025-11-24,97800,99000,96200,96700,96033.43,29831172,0.020042,0.291193,97280.0,100975.0,0.033926,48.6345,957.8771,2313.565,-1355.6879,108933.01,93016.99,0.2314
2025-11-25,101400,101400,97800,99300,98615.51,16110054,0.026887,-0.459959,97580.0,100965.0,0.034104,52.1899,927.5496,2036.3619,-1108.8123,108931.32,92998.68,0.3955
2025-11-26,100500,102900,99300,102800,102091.38,21314975,0.035247,0.323085,98840.0,101080.0,0.034923,56.5498,1172.4207,1863.5737,-691.153,109084.37,93075.63,0.6074
2025-11-27,104100,105500,102700,103500,102786.55,16453004,0.006809,-0.228101,99420.0,101050.0,0.034031,57.3868,1406.7508,1772.2091,-365.4583,109011.09,93088.91,0.6539
2025-11-28,103800,103800,100500,100500,99807.23,15292277,-0.028986,-0.070548,100560.0,100700.0,0.033726,52.7013,1334.9951,1684.7663,-349.7712,108059.92,93340.08,0.4864
2025-12-01,102000,102800,99900,100800,100105.17,10905526,0.002985,-0.286861,101380.0,100185.0,0.032678,53.1136,1287.4943,1605.3119,-317.8176,105688.02,94681.98,0.5559
2025-12-02,101200,103500,101000,103400,102687.24,13649487,0.025794,0.251612,102200.0,100110.0,0.030867,56.6409,1443.0137,1572.8523,-129.8386,105378.34,94841.66,0.8122
2025-12-03,104700,105500,104000,104500,103779.66,14697927,0.010638,0.076812,102540.0,100305.0,0.02938,58.0779,1636.164,1585.5146,50.6494,105926.57,94683.43,0.8731
2025-12-04,103900,105100,103200,105100,104375.53,11931145,0.005742,-0.188243,102860.0,100600.0,0.029148,58.8784,1816.7102,1631.7537,184.9565,106584.89,94615.11,0.8759
2025-12-05,105300,108400,104600,108400,107652.78,19755571,0.031399,0.655798,104440.0,101125.0,0.029534,63.0569,2200.7083,1745.5446,455.1637,107902.32,94347.68,1.0367
2025-12-08,109700,110000,108000,109500,108745.2,15527762,0.010148,-0.214006,106180.0,101570.0,0.029104,64.357,2564.2315,1909.282,654.9495,109303.48,93836.52,1.0127
2025-12-09,108900,109400,107300,108400,107652.78,13671800,-0.010046,-0.119525,107180.0,101815.0,0.028691,62.007,2732.0719,2073.84,658.2319,110096.95,93533.05,0.8976
2025-12-10,108300,109800,107400,108000,107255.54,12365092,-0.00369,-0.095577,107880.0,102060.0,0.028689,61.1328,2800.5272,2219.1774,581.3498,110780.31,93339.69,0.8406
2025-12-11,109200,110500,107300,107300,106560.36,22994507,-0.006481,0.859631,108320.0,102285.0,0.028735,59.5505,2766.4049,2328.6229,437.782,111312.51,93257.49,0.7778
2025-12-12,107100,108900,106800,108900,108149.34,14210314,0.014911,-0.382013,108420.0,102870.0,0.025356,61.9732,2835.7803,2430.0544,405.7259,112025.52,93714.48,0.8293
2025-12-15,105300,105800,104600,104800,104077.59,20594654,-0.037649,0.449275,107480.0,103080.0,0.026226,53.1829,2530.7522,2450.194,80.5582,112208.92,93951.08,0.5942
2025-12-16,104900,105600,102700,102800,102091.38,18852079,-0.019084,-0.084613,106360.0,103330.0,0.025754,49.4949,2103.3854,2380.8322,-277.4468,112117.57,94542.43,0.4698
2025-12-17,103500,108100,103400,107900,107156.23,22297611,0.049611,0.182767,106340.0,103900.0,0.027404,57.5742,2151.4212,2334.95,-183.5288,112292.23,95507.77,0.7383
2025-12-18,106400,108200,105700,107600,106858.3,20445631,-0.00278,-0.083057,106400.0,104250.0,0.026099,56.9966,2140.6069,2296.0814,-155.4745,112646.62,95853.38,0.6995
2025-12-19,109700,109700,106200,106300,105567.25,25917098,-0.012082,0.267611,105880.0,104825.0,0.021926,54.4475,2004.036,2237.6723,-233.6363,111980.09,97669.91,0.6031
2025-12-22,109700,110500,109300,110500,109738.3,24859171,0.039511,-0.04082,107020.0,105515.0,0.02295,60.5813,2209.2408,2231.986,-22.7452,112001.35,99028.65,0.8843
2025-12-23,110900,112500,110400,111500,110731.41,20419187,0.00905,-0.178605,108760.0,106125.0,0.022482,61.8968,2424.6093,2270.5107,154.0986,112442.85,99807.15,0.9254
2025-12-24,112400,112400,110900,111100,110334.16,12492939,-0.003587,-0.388176,109400.0,106540.0,0.021504,61.0196,2533.8056,2323.1697,210.6359,113026.39,100053.61,0.8515
2025-12-26,112400,117000,112400,117000,116193.49,34018174,0.053105,1.722992,111280.0,107215.0,0.024026,68.1826,3061.1383,2470.7634,590.3749,115040.81,99389.19,1.1252
2025-12-29,119400,119700,118200,119500,119253.17,19676004,0.021368,-0.421603,113920.0,108165.0,0.022713,70.6442,3638.8361,2704.3779,934.4582,117093.79,99236.21,1.1347
2025-12-30,119100,121200,118700,119900,119652.34,19746349,0.003347,0.003575,115800.0,109120.0,0.022708,71.0304,4081.8889,2979.8801,1102.0088,118787.22,99452.78,1.0576
2026-01-02,120200,128500,120200,128500,128234.58,30463279,0.071726,0.54273,119200.0,110375.0,0.026249,77.7942,5068.5328,3397.6107,1670.9221,122984.75,97765.25,1.2187
2026-01-05,134600,138600,133600,138100,137814.75,42863376,0.074708,0.407051,124600.0,112055.0,0.029599,82.6609,6549.5952,4028.0076,2521.5876,129424.0,94686.0,1.2498
2026-01-06,135300,139300,132700,138900,138613.09,45321341,0.005793,0.057344,128980.0,113745.0,0.029598,82.9954,7699.1502,4762.2361,2936.9141,134510.1,92979.9,1.1057
2026-01-07,143500,144400,137600,141000,140708.77,46317413,0.015119,0.021978,133280.0,115375.0,0.029331,83.8747,8679.5804,5545.705,3133.8754,139257.51,91492.49,1.0365
2026-01-08,138300,144500,138300,138800,138513.3,41449329,-0.015603,-0.105103,137060.0,116840.0,0.030032,79.2513,9173.3126,6271.2265,2902.0861,142716.5,90963.5,0.9243
2026-01-09,136000,140700,135200,139000,138712.89,29520566,0.001441,-0.287791,139160.0,118370.0,0.029697,79.3626,9471.555,6911.2922,2560.2628,145721.83,91018.17,0.8771
2026-01-12,141000,142000,136900,138800,138513.3,26271134,-0.001439,-0.110073,139300.0,119910.0,0.029637,78.9065,9581.3284,7445.2994,2136.029,148253.75,91566.25,0.8332
2026-01-13,139800,140200,136900,137600,137315.78,22384699,-0.008646,-0.147936,139040.0,121425.0,0.029714,76.0811,9462.4177,7848.7231,1613.6946,150167.11,92682.89,0.7814
2026-01-14,137000,140300,136800,140300,140010.2,18444394,0.019622,-0.176027,138900.0,122995.0,0.029752,77.9907,9476.8049,8174.3394,1302.4655,152281.64,93708.36,0.7954
2026-01-15,139000,144000,138300,143900,143602.77,24701126,0.025659,0.339221,139920.0,124950.0,0.027309,80.2543,9667.2586,8472.9233,1194.3353,154342.55,95557.45,0.8224
2026-01-16,145300,149500,144300,148900,148592.44,30000219,0.034746,0.214528,141900.0,127255.0,0.026287,82.8868,10105.1667,8799.372,1305.7947,156564.06,97945.94,0.8693
2026-01-19,147200,150600,146600,149300,148991.61,22762497,0.002686,-0.241256,144000.0,129325.0,0.025528,83.0811,10365.0073,9112.499,1252.5083,158726.1,99923.9,0.8397
2026-01-20,148500,149300,143900,145200,144900.08,24059218,-0.027461,0.056967,145520.0,131205.0,0.027079,73.827,10123.4009,9314.6794,808.7215,159546.41,102863.59,0.7469
2026-01-21,141900,149800,141800,149500,149191.2,31703610,0.029614,0.317732,147360.0,133365.0,0.026469,76.7517,10161.7617,9484.0959,677.6658,160262.49,106467.51,0.7999
2026-01-22,155000,157000,150800,152300,151985.42,32073624,0.018729,0.011671,149040.0,135455.0,0.025978,78.4412,10299.3747,9647.1516,652.2231,161348.99,109561.01,0.8253
2026-01-23,154700,156000,150100,152100,151785.83,25407497,-0.001313,-0.207838,149680.0,137485.0,0.026227,78.0051,10273.8649,9772.4943,501.3706,161788.63,113181.37,0.8007
2026-01-26,154900,156400,151500,152100,151785.83,20561689,0.0,-0.190724,150240.0,139535.0,0.026101,78.0051,10136.7975,9845.3549,291.4426,161246.24,117823.76,0.7894
2026-01-27,150500,159500,149200,159500,159170.55,29423670,0.048652,0.430995,153100.0,141660.0,0.025808,82.2413,10504.2029,9977.1245,527.0784,162381.25,120938.75,0.9305
2026-01-28,162600,163300,160200,162400,162064.56,29456431,0.018182,0.001113,155680.0,143805.0,0.025782,83.5762,10903.6891,10162.4374,741.2517,163734.19,123875.81,0.9665
2026-01-29,166200,166600,157100,160700,160368.06,36087223,-0.010468,0.225105,157360.0,145845.0,0.026303,79.7897,10956.8058,10321.3111,635.4947,163717.82,127972.18,0.9156
2026-01-30,160100,166500,160100,160500,160168.48,40557267,-0.001245,0.123868,159040.0,147445.0,0.023129,79.3343,10857.6032,10428.5695,429.0337,164490.14,130399.86,0.883
2026-02-02,155700,159600,150400,150400,150089.34,39748369,-0.062928,-0.019945,158700.0,148060.0,0.024394,60.5423,9850.4489,10312.9454,-462.4965,164564.47,131555.53,0.5709
2026-02-03,157900,167500,157200,167500,167154.02,36529813,0.113697,-0.080973,160300.0,149490.0,0.033623,72.4436,10313.2147,10312.9993,0.2154,167536.71,131443.29,0.999
2026-02-04,163500,169400,163100,169100,168750.72,29943042,0.009552,-0.180312,161640.0,150895.0,0.033597,73.2564,10685.8863,10387.5767,298.3096,170469.36,131320.64,0.965
2026-02-05,162000,164000,158500,159300,158970.95,38435228,-0.057954,0.283611,161360.0,151920.0,0.03661,61.3249,10074.3226,10324.9259,-250.6033,170967.49,132872.51,0.6937
2026-02-06,154100,160300,151600,158600,158272.41,36358081,-0.004394,-0.054043,160980.0,152900.0,0.036679,60.5661,9424.5297,10144.8466,-720.3169,171148.69,134651.31,0.6562
2026-02-09,168600,168700,165000,166400,166056.3,25098971,0.04918,-0.309673,164180.0,154280.0,0.03776,65.6644,9430.2528,10001.9279,-571.6751,172210.7,136349.3,0.838
2026-02-10,167400,168100,165500,165800,165457.53,19369566,-0.003606,-0.228273,163840.0,155690.0,0.037651,64.9685,9279.4063,9857.4235,-578.0172,172497.88,138882.12,0.8008
2026-02-11,164000,168600,162000,167800,167453.41,22760242,0.012063,0.175052,163580.0,157065.0,0.037583,66.2523,9215.0176,9728.9424,-513.9248,173051.08,141078.92,0.8358
2026-02-12,171200,179600,170100,178600,178231.09,41296011,0.064362,0.814392,167440.0,158800.0,0.039306,72.1808,9921.0946,9767.3728,153.7218,176236.32,141363.68,1.0678
2026-02-13,179500,184400,178900,181200,180825.72,34454192,0.014558,-0.165677,171960.0,160415.0,0.038935,73.3926,10568.6354,9927.6253,641.0101,179858.33,140971.67,1.0345
2026-02-19,188000,190900,187100,190000,189607.55,27049388,0.048565,-0.214917,176680.0,162450.0,0.03978,77.0383,11657.5219,10273.6046,1383.9173,185228.61,139671.39,1.1047
2026-02-20,190000,190300,188600,190100,189707.34,24213880,0.000526,-0.104827,181540.0,164695.0,0.038775,77.0768,12385.7661,10696.0369,1689.7292,189107.12,140282.88,1.0203
2026-02-23,194400,197600,190500,193000,192601.34,26364684,0.015255,0.088825,186580.0,166870.0,0.038602,78.2157,13046.5185,11166.1332,1880.3853,193253.58,140486.42,0.9952
2026-02-24,193000,200000,192000,200000,199586.89,28060617,0.036269,0.064326,190860.0,169255.0,0.038924,80.7073,13973.9283,11727.6923,2246.236,198555.58,139954.42,1.0246
2026-02-25,202500,206000,201000,203500,203079.66,26987996,0.0175,-0.038225,195320.0,171825.0,0.038771,81.8266,14820.4866,12346.2511,2474.2355,203694.2,139955.8,0.997
2026-02-26,206500,219000,206000,218000,217549.72,30095763,0.071253,0.115154,200920.0,175120.0,0.04043,85.5634,16471.5453,13171.31,3300.2353,211683.52,138556.48,1.0864
2026-02-27,210000,223000,210000,216500,216052.81,51774768,-0.006881,0.720334,206200.0,177970.0,0.04017,83.6473,17457.7417,14028.5963,3429.1454,218117.37,137822.63,0.9799
2026-03-03,209500,212500,195100,195100,194697.02,54879010,-0.098845,0.059957,206620.0,179605.0,0.048205,62.2347,16324.3316,14487.7434,1836.5882,219745.93,139464.07,0.693
2026-03-04,184200,195900,171900,172200,171844.31,89427954,-0.117376,0.629548,201060.0,180180.0,0.056696,48.0576,13423.5194,14274.8986,-851.3792,219501.81,140858.19,0.3985
2026-03-05,195000,199700,188100,191600,191204.25,53959129,0.11266,-0.396619,198680.0,181735.0,0.061189,56.9952,12545.407,13929.0003,-1383.5933,220231.0,143239.0,0.6281
2026-03-06,186100,189700,181000,188200,187811.27,29522650,-0.017745,-0.45287,192720.0,183625.0,0.059067,55.2025,11443.2345,13431.8471,-1988.6126,219247.87,148002.13,0.5642
2026-03-09,173500,175500,167300,173500,173141.62,43066020,-0.078108,0.458745,184120.0,183925.0,0.057929,48.1506,9276.6523,12600.8081,-3324.1558,219074.0,148776.0,0.3517
2026-03-10,187600,191500,184300,187900,187511.89,33530170,0.082997,-0.221424,182680.0,184865.0,0.060495,54.3082,8622.1887,11805.0843,-3182.8956,219343.81,150386.19,0.544
2026-03-11,193000,194800,187700,190000,189607.55,24311356,0.011176,-0.274941,186240.0,186400.0,0.058532,55.1448,8178.6951,11079.8064,-2901.1113,218754.68,154045.32,0.5556
2026-03-12,186600,190000,185900,187900,187511.89,20440753,-0.011053,-0.15921,185500.0,187865.0,0.058631,54.0785,7570.5027,10377.9457,-2807.443,217454.85,158275.15,0.5006
2026-03-13,180000,186200,179900,183500,183120.97,19566331,-0.023417,-0.042778,184560.0,188720.0,0.058278,51.8176,6656.7281,9633.7022,-2976.9741,216639.4,160800.6,0.4065
2026-03-16,184600,189000,183600,188700,188310.23,19747901,0.028338,0.00928,187600.0,189865.0,0.058462,54.2519,6279.7624,8962.9142,-2683.1518,215621.13,164108.87,0.4774
2026-03-17,198000,198000,193100,193900,193499.48,20300082,0.027557,0.027962,188800.0,191170.0,0.058636,56.6125,6327.6695,8435.8653,-2108.1958,214773.76,167566.24,0.5578
2026-03-18,200500,209000,199700,208500,208069.33,25148481,0.075297,0.238836,192500.0,192665.0,0.059184,62.4684,7457.7658,8240.2454,-782.4796,216700.17,168629.83,0.8294
2026-03-19,199900,205000,199600,200500,200085.86,19884483,-0.038369,-0.209317,195020.0,193630.0,0.06007,57.8602,7620.0034,8116.197,-496.1936,217273.59,169986.41,0.6453
2026-03-20,202000,202500,199000,199400,198988.12,35279762,-0.005486,0.774236,198200.0,194100.0,0.059266,57.235,7572.5257,8007.4627,-434.937,217813.38,170386.62,0.6118
2026-03-23,190500,191200,186300,186300,185915.19,30268173,-0.065697,-0.142053,197720.0,193910.0,0.061324,50.2688,6404.0172,7686.7736,-1282.7564,217818.41,170001.59,0.3409
2026-03-24,195500,196000,185500,189700,189308.17,25458914,0.01825,-0.158888,196880.0,193745.0,0.061368,51.9049,5686.764,7286.7717,-1600.0077,217725.3,169764.7,0.4157
2026-03-25,193700,196400,189000,189000,188609.61,22995904,-0.00369,-0.096745,192980.0,193195.0,0.060764,51.5291,5004.1665,6830.2507,-1826.0842,217075.62,169314.38,0.4122
2026-03-26,185500,185900,178900,180100,179728.0,32074131,-0.04709,0.394776,188900.0,192025.0,0.061385,46.8805,3702.3689,6204.6743,-2502.3054,216072.14,167977.86,0.252
2026-03-27,172100,181700,172000,180100,179728.0,29138966,0.0,-0.091512,185040.0,190130.0,0.058839,46.8805,2640.2498,5491.7894,-2851.5396,211367.71,168892.29,0.2639
2026-03-30,171000,176650,170600,176300,176300.0,22269147,-0.021099,-0.235761,183040.0,188120.0,0.058893,44.8759,1474.8829,4688.4081,-3213.5252,206228.05,170011.95,0.1736
2026-03-31,170000,174700,167000,167200,167200.0,38659593,-0.051617,0.736016,178540.0,186725.0,0.055628,40.4186,-180.8875,3714.549,-3895.4365,206764.63,166685.37,0.0128
2026-04-01,179000,190800,178000,189650,189650.0,32390251,0.13427,-0.162168,178670.0,187597.5,0.056103,52.8586,314.8011,3034.5994,-2719.7983,206459.28,168735.72,0.5544
2026-04-02,192600,193600,175000,178400,178400.0,38615231,-0.05932,0.192187,178330.0,186937.5,0.052495,47.5058,-197.8623,2388.1071,-2585.9694,206130.45,167744.55,0.2776
2026-04-03,184200,187200,182700,186200,186200.0,20194447,0.043722,-0.477034,179550.0,186837.5,0.05337,51.196,24.9554,1915.4767,-1890.5213,206023.59,167651.41,0.4834
2026-04-06,190900,194600,190100,193100,193100.0,20635958,0.037057,0.021863,182910.0,187817.5,0.050399,54.2592,749.6706,1682.3155,-932.6449,206116.92,169518.08,0.6443
2026-04-07,202000,202500,192400,196500,196500.0,30848053,0.017607,0.494869,188770.0,188247.5,0.047396,55.7336,1580.1493,1661.8823,-81.733,206954.7,169540.3,0.7206
2026-04-08,214000,214500,207500,210500,210500.0,35890973,0.071247,0.163476,192940.0,189272.5,0.049667,61.2695,3329.6109,1995.428,1334.1829,210465.34,168079.66,1.0008
2026-04-09,207000,207500,202000,204000,204000.0,42320839,-0.030879,0.17915,198060.0,190077.5,0.050219,57.6638,4143.8089,2425.1042,1718.7047,212251.23,167903.77,0.8139
2026-04-10,208500,211000,205500,206000,206000.0,18244459,0.009804,-0.568901,202020.0,191202.5,0.049799,58.4736,4894.0346,2918.8903,1975.1443,214237.5,168167.5,0.8212
2026-04-13,198200,203000,198200,201000,201000.0,19603415,-0.024272,0.074486,203600.0,191817.5,0.049953,55.6098,5027.1854,3340.5493,1686.6361,215224.95,168410.05,0.6961
2026-04-14,208000,210000,205500,206500,206500.0,23672078,0.027363,0.207549,205600.0,192447.5,0.049949,58.044,5512.9624,3775.0319,1737.9305,216752.0,168143.0,0.7891
2026-04-15,215000,215500,210000,211000,211000.0,24092884,0.021792,0.017776,205700.0,192572.5,0.047455,59.9777,6189.7055,4257.9666,1931.7389,217247.51,167897.49,0.8734
2026-04-16,212000,218000,210500,217500,217500.0,21499788,0.030806,-0.107629,208400.0,193422.5,0.046934,62.6552,7167.8979,4839.9529,2327.945,220318.61,166526.39,0.9476
2026-04-17,217000,218000,215000,216000,216000.0,18079322,-0.006897,-0.159093,210400.0,194252.5,0.046951,61.6305,7732.9444,5418.5512,2314.3932,222893.24,165611.76,0.8797
2026-04-20,214500,219000,213000,214500,214500.0,17107741,-0.006944,-0.05374,213100.0,195662.5,0.043914,60.5639,7967.8618,5928.4133,2039.4485,225410.01,165914.99,0.8166
2026-04-21,218000,220000,216000,219000,219000.0,16752132,0.020979,-0.020786,215600.0,197127.5,0.043953,62.6522,8420.0864,6426.7479,1993.3385,228481.19,165773.81,0.8488
2026-04-22,218500,222500,215500,217500,217500.0,16823480,-0.006849,0.004259,216900.0,198552.5,0.044,61.4834,8558.7799,6853.1543,1705.6256,230924.93,166180.07,0.7926
2026-04-23,223000,229500,216000,224500,224500.0,34525485,0.032184,1.05222,218300.0,200772.5,0.042315,64.7849,9128.3115,7308.1858,1820.1257,233897.74,167647.26,0.8581
2026-04-24,224000,225000,216500,219500,219500.0,19626666,-0.022272,-0.431531,219000.0,202742.5,0.042919,60.7775,9071.639,7660.8764,1410.7626,235373.89,170111.11,0.7568
2026-04-27,220000,226000,218500,224500,224500.0,22870374,0.022779,0.16527,221000.0,205152.5,0.042356,63.2271,9322.7173,7993.2446,1329.4727,236661.42,173643.58,0.807
2026-04-28,224000,226000,221500,222000,222000.0,18444490,-0.011136,-0.19352,221600.0,207892.5,0.039938,61.17,9213.7592,8237.3475,976.4117,234682.72,181102.28,0.7633
2026-04-29,219500,228000,218500,226000,226000.0,20363756,0.018018,0.104056,223300.0,209710.0,0.030116,63.2313,9342.4813,8458.3743,884.107,236219.89,183200.11,0.8072
2026-04-30,229000,230000,220500,220500,220500.0,22161975,-0.024336,0.088305,222500.0,211815.0,0.02655,58.6232,8898.1185,8546.3231,351.7954,234225.83,189404.17,0.6938
2026-05-04,228000,232500,224000,232500,232500.0,32920816,0.054422,0.485464,225100.0,214130.0,0.027289,64.6725,9405.8329,8718.2251,687.6078,234905.6,193354.4,0.9421
2026-05-06,254000,270000,251000,266000,266000.0,53097996,0.144086,0.6129,233400.0,217775.0,0.03858,75.4592,12368.7905,9448.3382,2920.4523,246912.56,188637.44,1.3275
2026-05-07,272000,277000,260000,271500,271500.0,41404687,0.020677,-0.220221,243300.0,221525.0,0.038592,76.7162,14987.9876,10556.268,4431.7196,257610.39,185439.61,1.1925
2026-05-08,260000,270000,260000,268500,268500.0,25875880,-0.01105,-0.375049,251800.0,224425.0,0.036956,74.4754,16629.9456,11771.0036,4858.942,265725.28,183124.72,1.0336
2026-05-11,284500,288500,280000,285500,285500.0,36031094,0.063315,0.392459,264800.0,228500.0,0.037025,78.3368,19082.9903,13233.4009,5849.5894,276803.86,180196.14,1.09
2026-05-12,290000,291500,266000,279000,279000.0,41211149,-0.022767,0.143766,274100.0,232150.0,0.038065,73.7432,20268.9028,14640.5013,5628.4015,284183.49,180116.51,0.9502
2026-05-13,264000,285500,262000,284000,284000.0,35540134,0.017921,-0.137609,277700.0,236300.0,0.036898,74.9596,21365.9124,15985.5835,5380.3289,291041.88,181558.12,0.9357
2026-05-14,282000,299500,282000,296000,296000.0,39314752,0.042254,0.106207,282600.0,240775.0,0.037236,77.6372,22939.1715,17376.3011,5562.8704,299730.36,181819.64,0.9684
2026-05-15,291000,296500,266000,270500,270500.0,38075487,-0.086149,-0.031522,283000.0,243750.0,0.044362,62.3736,21876.1789,18276.2767,3599.9022,302383.11,185116.89,0.7281
2026-05-18,269500,288500,262000,281000,281000.0,33555214,0.038817,-0.118719,282100.0,246925.0,0.04456,65.3909,21631.6556,18947.3525,2684.3031,306443.48,187406.52,0.7863
2026-05-19,274000,281500,266000,275500,275500.0,30767569,-0.019573,-0.083076,281400.0,249900.0,0.04495,62.5609,20754.8164,19308.8452,1445.9712,308855.47,190944.53,0.7171
2026-05-20,278000,282500,263500,276000,276000.0,35662077,0.001815,0.15908,279800.0,252975.0,0.044796,62.7189,19871.1981,19421.3158,449.8823,310555.58,195394.42,0.6999
2026-05-21,291000,299500,287000,299500,299500.0,36168689,0.085145,0.014206,280500.0,257000.0,0.047379,69.2793,20827.0961,19702.4719,1124.6242,315821.76,198178.24,0.8613
2026-05-22,300000,300500,292000,292500,292500.0,18395274,-0.023372,-0.491403,284900.0,260750.0,0.047944,65.5775,20780.2685,19918.0312,862.2373,318522.24,202977.76,0.7748
2026-05-26,298000,302000,297500,299000,299000.0,23441371,0.022222,0.274315,288500.0,264475.0,0.047813,67.3235,21025.2867,20139.4823,885.8044,322012.61,206937.39,0.8
2026-05-27,321500,323000,306000,307000,307000.0,33916688,0.026756,0.446873,294800.0,268850.0,0.047075,69.382,21615.8247,20434.7508,1181.0739,325284.5,212415.5,0.838
2026-05-28,305000,306500,287500,299500,299500.0,30195334,-0.02443,-0.10972,299500.0,272600.0,0.047949,65.2331,21233.8721,20594.575,639.2971,326538.17,218661.83,0.7494
2026-05-29,309500,319000,305500,317000,317000.0,37241537,0.058431,0.233354,303000.0,277350.0,0.048445,69.7747,22088.6515,20893.3903,1195.2612,329218.36,225481.64,0.8822
2026-06-01,319500,354500,319500,349000,349000.0,45052488,0.100946,0.209738,314300.0,283500.0,0.051516,75.9591,25059.3344,21726.5791,3332.7553,338787.76,228212.24,1.0924
